C_ID,M_ID,C_NAME,C_EMAIL_ID,C_TYPE,C_ADDR,C_CONT_NO
230,31,Mitchell,Harriette42@ymail.com,Internal Goods,2100 Block of 27TH AV,9961255787
3189,495,Reginald,Matthew951@yahoo.co.in,Wholesale,300 Block of ELLIS ST,3555176867
2216,795,Jaylene,Geraldine867@ymail.co.in,Retail,1000 Block of MISSION ST,9835395970
1904,33,Stacie,Brenda905@ymail.com,Internal Goods,800 Block of BRYANT ST,3881250181
7342,882,Jonathan,Malie282@gmail.com,Wholesale,0 Block of DRUMM ST,1507211823
7633,657,Italia,Fred847@google.co.in,Internal Goods,3RD ST / FOLSOM ST,5612381477
2154,761,Catherine,Clay224@gmail.com,Wholesale,GOLDEN GATE AV / PARKER AV,8094222335
5543,20,Pierre,Alaysha578@hotmail.com,Wholesale,1400 Block of DEHARO ST,4133741447
2332,356,Sheryl,Kelli519@gmail.com,Retail,FOLSOM ST / 3RD ST,4399641006
4094,301,Rory,Ryker154@hotmail.com,Internal Goods,0 Block of THRIFT ST,7077259810
3042,450,Cecile,Johnnie593@hotmail.com,Wholesale,100 Block of GOLDEN GATE AV,1634188566
2220,782,Monte,Zykeria36@google.co.in,Wholesale,2400 Block of DIAMOND ST,6963794710
4988,820,Belle,Selma775@yahoo.co.in,Wholesale,FOLSOM ST / CESAR CHAVEZ ST,2644171337
175,316,Rayshawn,Kathryn298@gmail.com,Wholesale,100 Block of LELAND AV,3057896481
4233,945,Abby,Karl167@google.co.in,Internal Goods,600 Block of CLEMENT ST,3335480444
4351,174,Alonzo,Freda331@yahoo.co.in,Internal Goods,400 Block of LEAVENWORTH ST,1772719208
5578,634,Ray,David216@ymail.com,Wholesale,4400 Block of ANZA ST,3581081156
4523,456,Tiffany,Winnifred436@gmail.com,Wholesale,GEARY ST / TAYLOR ST,9811567113
2972,0,Rosalind,Bryce535@google.co.in,Wholesale,1500 Block of NEWCOMB AV,7176117751
6153,186,Franklin,Maeve922@gmail.com,Retail,ELLIS ST / JONES ST,5362454917
4852,596,Sophie,Seth275@ymail.com,Internal Goods,24TH ST / MISSION ST,9745073612
8106,245,Matthew,Maria344@yahoo.com,Retail,600 Block of JOHNMUIR DR,4218762280
3917,17,Larry,Taron588@yahoo.co.in,Internal Goods,1700 Block of LYON ST,2224750233
9377,48,Elena,Bryce621@google.co.in,Internal Goods,3100 Block of 20TH AV,8017236646
5387,457,Brady,Ramona218@gmail.com,Retail,1300 Block of COLUMBUS AV,5712616501
6513,944,Sapphire,Adrienne107@gmail.com,Retail,LARKIN ST / POST ST,7065731530
3965,516,Gene,Dawn743@yahoo.com,Retail,800 Block of AMAZON AV,3636499761
8893,847,Magdalene,Yessenia134@yahoo.com,Retail,400 Block of 39TH AV,6491626668
1897,504,Norma,Ryan368@ymail.com,Wholesale,300 Block of CAPISTRANO AV,8023324199
390,115,Destiny,Harriette113@ymail.co.in,Retail,400 Block of POWELL ST,6958292565
3633,740,Glory,Jana467@gmail.com,Internal Goods,HARRIET ST / HOWARD ST,3794685776
7828,884,Latasha,Frances207@ymail.co.in,Internal Goods,1500 Block of TURK ST,1973040699
2241,446,Clay,Tiffani841@google.co.in,Internal Goods,200 Block of SILVER AV,4120733093
896,74,Frances,Cecile32@hotmail.com,Internal Goods,800 Block of BRYANT ST,5785102250
6361,636,Dinah,Bryce393@ymail.com,Internal Goods,2100 Block of LOMBARD ST,9235867886
6713,37,Merna,Earle203@google.co.in,Retail,GOLDEN GATE AV / VANNESS AV,7134849334
4283,804,Louise,Danita716@ymail.com,Wholesale,800 Block of BRYANT ST,4751700379
9486,694,Kaitlyn,Raeleigh114@gmail.com,Wholesale,POWELL ST / MARKET ST,9430559862
308,198,Morgan,Guy394@outlook.com,Retail,CAPP ST / 17TH ST,4160161977
8927,576,Courtney,Anastasia108@google.co.in,Wholesale,0 Block of SADOWA ST,1660494007
249,754,Rayshawn,Benita963@gmail.com,Retail,500 Block of GEARY ST,2979310129
2620,547,Eddie,Dianne471@ymail.com,Retail,0 Block of OFARRELL ST,1973879566
1164,656,Maurice,Andrea833@yahoo.co.in,Internal Goods,2700 Block of FILBERT ST,7030699598
4711,654,Taryn,Raul112@outlook.com,Internal Goods,700 Block of VALLEJO ST,2618164744
4053,646,Lazaro,Raven727@yahoo.co.in,Retail,300 Block of FILLMORE ST,6736421797
4272,250,Muriel,Rebecca74@yahoo.co.in,Retail,0 Block of MYRTLE ST,5071378297
7005,81,Dejon,Rosalind124@hotmail.com,Retail,300 Block of HOLLADAY AV,3907479910
2308,898,Peter,Anne714@gmail.com,Internal Goods,DORLAND ST / GUERRERO ST,8175968796
5150,461,Todd,Michael518@yahoo.com,Wholesale,23RD ST / DOUGLASS ST,2711085992
693,390,Stacy,Danielle957@yahoo.co.in,Internal Goods,5000 Block of 3RD ST,3457826852
9598,988,Frank,Heather632@hotmail.com,Internal Goods,0 Block of 7TH ST,2858707837
8103,597,Catherine,Kaitlyn744@yahoo.com,Retail,3500 Block of 26TH ST,2065509695
8894,916,Daren,Eileen529@google.co.in,Wholesale,0 Block of MAYNARD ST,4133664929
114,135,Tiffany,Cheyenne213@outlook.com,Internal Goods,MISSION ST / 17TH ST,5958159146
6546,262,Isidro,Ely630@yahoo.com,Wholesale,300 Block of MARKET ST,1022633285
3571,844,Claude,Irby513@hotmail.com,Retail,800 Block of CLEMENT ST,4283361474
7316,169,Gaylon,Genevieve714@hotmail.com,Retail,4100 Block of GEARY BL,2950413181
2478,671,Adonis,Elliana123@hotmail.com,Internal Goods,3300 Block of CESAR CHAVEZ ST,3513023435
1215,353,Stacy,Katrice318@yahoo.co.in,Internal Goods,MONTGOMERY ST / BROADWAY ST,6379672748
5402,776,Claude,Laverne188@google.co.in,Retail,17TH ST / SHOTWELL ST,2335838084
1647,205,Bambi,Chasity357@yahoo.co.in,Internal Goods,1900 Block of UNION ST,2179414351
9423,705,Isabela,Kyle670@gmail.com,Retail,600 Block of HEAD ST,9984833487
6404,10,Philip,Gene977@ymail.co.in,Internal Goods,0 Block of 7TH ST,4771182901
6767,195,Joe,Marlene682@outlook.com,Wholesale,4100 Block of 18TH ST,6825096485
1278,136,Alonzo,Clay181@hotmail.com,Wholesale,2700 Block of FOLSOM ST,9801474305
1334,500,Philip,Baldemar170@yahoo.co.in,Internal Goods,800 Block of HOWARD ST,7636788633
8887,969,Lola,Claudia529@google.co.in,Retail,2300 Block of MARKET ST,6328420950
9858,817,Jennie,Arya715@ymail.co.in,Wholesale,16TH ST / SHOTWELL ST,1174341766
9636,833,Brennan,Rodney10@ymail.com,Wholesale,2000 Block of JERROLD AV,9030541371
9943,221,Juan,Amelia849@hotmail.com,Internal Goods,600 Block of 9TH AV,3573904144
1246,77,Carlotta,Stephanie808@gmail.com,Retail,900 Block of GENEVA AV,9998350900
4527,800,Austin,Dejon859@ymail.com,Wholesale,POLK ST / SUTTER ST,3715864347
3782,146,Naisha,Lawrence813@gmail.com,Retail,MISSION ST / 9TH ST,8089653286
6225,531,Maurice,Felicity667@ymail.com,Internal Goods,1400 Block of HARRISON ST,9827842133
2257,503,Gabrielle,Kim205@hotmail.com,Retail,FILLMORE ST / CALIFORNIA ST,2998991184
9177,19,Grover,Morgan937@yahoo.com,Wholesale,EDDY ST / POLK ST,7591554939
8703,897,Carter,Hudson500@gmail.com,Internal Goods,800 Block of BRYANT ST,7320532389
3514,703,Claude,Stacy454@hotmail.com,Wholesale,800 Block of OAK ST,8552082746
3089,249,Bianca,Peter111@ymail.co.in,Internal Goods,300 Block of LEAVENWORTH ST,8015529354
7253,360,Frank,Beth644@outlook.com,Internal Goods,1500 Block of WEBSTER ST,9700239171
8786,327,Marie,Devon640@hotmail.com,Internal Goods,1600 Block of GEARY BL,8588987011
1211,121,Neri,Jonathan257@google.co.in,Internal Goods,500 Block of CRESTLAKE DR,2797657807
359,614,Chelsey,Benita200@yahoo.co.in,Internal Goods,CALIFORNIA ST / FILLMORE ST,3420855911
2066,80,Catherine,John780@yahoo.com,Retail,1700 Block of STEINER ST,5965931339
4322,401,Lucien,Jan805@ymail.com,Internal Goods,700 Block of PERU AV,7775860985
7773,914,Aidan,Robert988@google.co.in,Internal Goods,100 Block of OAK ST,2945958018
6746,713,Tomeka,Kaitlyn60@yahoo.com,Wholesale,HOWARD ST / 3RD ST,8157767838
6732,568,Theresa,Stephan274@yahoo.co.in,Internal Goods,1300 Block of MISSION ST,9712766674
805,752,Korie,Emma964@gmail.com,Retail,400 Block of ELLIS ST,2366659988
7540,867,Misael,Monica700@gmail.com,Retail,4900 Block of MISSION ST,2771856986
5269,980,Steven,Pamala451@outlook.com,Retail,16TH ST / SHOTWELL ST,4717095278
8404,704,Tammi,Matt620@yahoo.com,Wholesale,700 Block of STANYAN ST,6852398753
519,598,Rayburn,Kristie659@hotmail.com,Retail,1400 Block of SACRAMENTO ST,8198842186
4060,932,Gordon,Lee224@ymail.co.in,Wholesale,HARRISON ST / 6TH ST,7396097848
8860,834,Zakariya,Roger478@ymail.co.in,Retail,LAWTON ST / 10TH AV,4508931602
7164,209,Otis,Zoya623@gmail.com,Retail,0 Block of URANUS TR,8013342363
9792,330,Curtis,Robert627@yahoo.co.in,Retail,300 Block of HYDE ST,4775425957
9934,138,Gabrielle,Danny201@yahoo.com,Retail,1100 Block of SUTTER ST,2535125840
1980,981,Dani,Ryker409@gmail.com,Retail,1900 Block of PALOU AV,5833657416
9251,130,Sadie,Zelda490@yahoo.co.in,Retail,17TH ST / CAPP ST,5905581451
6717,685,Emma,David957@ymail.com,Internal Goods,100 Block of LEAVENWORTH ST,3742557097
3622,544,Eddie,Jacquelin945@yahoo.com,Internal Goods,MARKET ST / POWELL ST,1157949513
8808,384,Connie,Ardis505@ymail.com,Retail,SPEAR ST / MARKET ST,6061993877
4920,467,Ricky,Scott41@hotmail.com,Retail,VANNESS AV / CALIFORNIA ST,7395125371
3140,112,Patrick,Alexia131@outlook.com,Wholesale,100 Block of JONES ST,7624401610
8104,906,Annie,Donnell940@ymail.co.in,Wholesale,0 Block of FREMONT ST,8271413320
2208,609,Elvia,Trent560@google.co.in,Retail,300 Block of 14TH ST,6202223720
7043,379,Laurette,Gerald85@google.co.in,Retail,HAROLD AV / BRUCE AV,8194423563
7485,357,Austin,Zakariya835@yahoo.com,Retail,600 Block of TOWNSEND ST,8529931415
1748,364,Willie,Artie206@ymail.com,Internal Goods,0 Block of POWELL ST,4033094166
9968,69,Diana,Ryan128@yahoo.com,Retail,1200 Block of IRVING ST,1840361778
5330,973,Amelia,Albertha398@ymail.com,Retail,TARAVAL ST / 48TH AV,5888927246
2183,455,Dennis,Carolyn538@yahoo.co.in,Internal Goods,7TH ST / MISSION ST,1146373455
2182,247,Paige,Ilana40@ymail.co.in,Retail,EDDY ST / DIVISADERO ST,4951091066
1087,491,Lydia,Christa254@gmail.com,Wholesale,EDDY ST / JONES ST,3384176833
4296,826,Kandace,Bobby84@yahoo.com,Internal Goods,2100 Block of POLK ST,7174320820
9784,400,Tianna,Laurence971@yahoo.co.in,Internal Goods,SANSOME ST / CHESTNUT ST,2668150446
6210,271,Roxanne,Trevon752@yahoo.co.in,Retail,1500 Block of HUDSON AV,5992525888
5781,110,Hellen,Jason341@yahoo.com,Retail,1200 Block of MCALLISTER ST,5391751398
8306,277,Zoie,Ramona899@yahoo.com,Retail,16TH ST / MISSION ST,4305011101
3270,85,George,Harvey871@ymail.co.in,Retail,2200 Block of 14TH AV,3253132607
6787,863,Genesis,Ericka392@hotmail.com,Wholesale,GOLDEN GATE AV / FILLMORE ST,3282200761
3733,731,Reymundo,Scott810@ymail.co.in,Internal Goods,3000 Block of 23RD ST,8831717023
207,638,Boyd,Shirley751@gmail.com,Retail,1500 Block of MCALLISTER ST,6274955877
3,275,Janelle,Nevaeh593@outlook.com,Internal Goods,OAK ST / FILLMORE ST,9875661422
1896,278,Bryn,Rayburn250@yahoo.co.in,Retail,JOHNFKENNEDY DR / TRANSVERSE DR,9976580262
9631,948,Eriana,Rayburn258@gmail.com,Retail,MISSION ST / 20TH ST,7191264003
3132,912,Bayley,Sharyn974@ymail.co.in,Retail,900 Block of HAYES ST,3477191930
1202,426,Chasity,Leslie740@ymail.co.in,Internal Goods,600 Block of PAGE ST,4935174932
8834,735,Dejon,Ericka359@ymail.com,Internal Goods,0 Block of WAVERLY PL,6582738747
1201,666,Sydney,Curtis682@hotmail.com,Internal Goods,MARKET ST / 3RD ST,7050577792
2573,888,Bernadine,Alessia799@hotmail.com,Internal Goods,1000 Block of CONNECTICUT ST,8241842420
6759,310,Julianna,Bridgett374@yahoo.com,Internal Goods,800 Block of NORTHPOINT ST,2604037592
2601,43,Gwendolyn,Kelly848@hotmail.com,Wholesale,100 Block of 3RD ST,9380507727
2656,722,Maurice,Francis214@hotmail.com,Wholesale,100 Block of TURQUOISE WY,4722321429
9645,233,Muriel,Stephania835@gmail.com,Wholesale,1100 Block of SUTTER ST,9598036922
584,392,Marie,Zella692@yahoo.co.in,Wholesale,900 Block of GEARY ST,2677043411
2121,527,Holli,Tiffany386@ymail.com,Wholesale,HAIGHT ST / MARKET ST,4336869761
2142,767,Rory,Bernard448@google.co.in,Internal Goods,MISSION ST / RUSSIA AV,3463358376
2396,650,Miley,Parth128@gmail.com,Retail,19TH ST / YORK ST,6083580617
8747,908,Trey,Arlene95@ymail.co.in,Retail,GEARY ST / STOCKTON ST,3087180828
4142,955,Debora,Ronnie261@ymail.co.in,Retail,700 Block of 14TH ST,1771412315
9770,106,Sonja,Anne892@hotmail.com,Wholesale,OAKDALE AV / SELBY ST,7962531995
2593,410,Willie,Kathleen439@outlook.com,Wholesale,100 Block of BROOKDALE AV,5212165773
9807,311,Max,Jalen33@yahoo.com,Retail,DUNCAN ST / DOUGLASS ST,1106944265
2525,830,Danielle,Jensen191@ymail.co.in,Internal Goods,500 Block of JOHNFKENNEDY DR,9484650144
1724,805,Caitlin,Stanley922@ymail.co.in,Internal Goods,2100 Block of 24TH AV,5023276687
7146,351,Enrique,Stanley112@outlook.com,Wholesale,900 Block of MARKET ST,2048989791
563,529,Brenda,Pamela639@google.co.in,Retail,CHESTNUT ST / COLUMBUS AV,8133737988
7771,52,Andre,Isabela532@hotmail.com,Retail,200 Block of 9TH ST,3262621948
4789,30,Eunice,Tiffani333@outlook.com,Internal Goods,700 Block of MARKET ST,3426943865
3221,421,Johnny,Ora822@outlook.com,Retail,300 Block of ATHENS ST,7803854441
5197,696,Christa,Crystal579@outlook.com,Internal Goods,27TH AV / LAKE ST,9770768694
8183,788,Wilbur,Todd405@ymail.co.in,Retail,2400 Block of MARKET ST,2496040176
1126,590,Steve,Frederick409@outlook.com,Wholesale,7TH ST / MARKET ST,5597753640
4899,417,Ronnie,Makala843@ymail.com,Internal Goods,1000 Block of BUSH ST,6624913103
4732,635,Julie,Wayne473@gmail.com,Internal Goods,1300 Block of HAIGHT ST,2676477272
4103,549,Paola,Bart400@outlook.com,Internal Goods,700 Block of POST ST,7164606551
7861,877,Shemar,Leighann675@gmail.com,Wholesale,1000 Block of INGERSON AV,6448120894
7764,690,Albert,Christina573@hotmail.com,Wholesale,0 Block of STONEYBROOK AV,8065274712
5345,164,Kyleigh,Edith189@ymail.co.in,Wholesale,3900 Block of MISSION ST,8636405460
6191,279,Julianna,Milburn442@hotmail.com,Retail,300 Block of 6TH AV,7478765147
310,574,Michaela,Loren171@gmail.com,Internal Goods,2000 Block of MISSION ST,5704304288
3095,222,Stefania,Zoie905@gmail.com,Retail,EDDY ST / LARKIN ST,7239777917
2159,640,Nigel,Coleman372@yahoo.co.in,Retail,SUTTER ST / FRANKLIN ST,2543703845
3569,896,Mavis,Jennifer84@gmail.com,Retail,700 Block of CABRILLO ST,6104073082
5958,318,Todd,Jensen157@gmail.com,Retail,COLUMBUS AV / CHESTNUT ST,5160860537
1275,953,Marion,Cristina330@ymail.com,Retail,5TH ST / TOWNSEND ST,2792956542
6357,681,Adrianna,Annamaria542@ymail.co.in,Retail,100 Block of EDDY ST,3676237077
4551,972,Jaimee,Jennie676@gmail.com,Wholesale,OAKDALE AV / RANKIN ST,2375791511
4252,407,Joe,Eldon965@gmail.com,Internal Goods,SILVER AV / BOYLSTON ST,1578883625
2096,226,Jennifer,Tammi464@google.co.in,Internal Goods,100 Block of MINNA ST,3365326918
5209,762,Peyton,Elise537@google.co.in,Retail,500 Block of 2ND ST,8798033999
9271,872,Joel,Twanna51@outlook.com,Retail,POWELL ST / GEARY ST,5734730611
6772,473,Chasity,Dawn379@gmail.com,Wholesale,100 Block of TUCKER AV,7600088539
4628,248,Darrel,Gael721@hotmail.com,Retail,2300 Block of BUCHANAN ST,5946963380
3853,416,Frank,Joao478@ymail.co.in,Retail,TARAVAL ST / 44TH AV,2407798660
515,425,Christina,Muriel437@yahoo.com,Wholesale,1ST ST / MISSION ST,3644687016
7513,435,Bruno,Valeria27@ymail.com,Wholesale,0 Block of STOCKTON ST,1848195986
9030,370,Fabiola,Yasmeen6@outlook.com,Internal Goods,100 Block of HYDE ST,5755404369
2378,406,Lucien,Cecilia196@hotmail.com,Internal Goods,MASON ST / TURK ST,2705083615
5894,976,Laverne,Brent496@ymail.co.in,Internal Goods,4400 Block of 3RD ST,2287296780
7587,349,Joseph,Gray853@yahoo.co.in,Internal Goods,100 Block of MARIETTA DR,7152577292
1424,595,George,Kenny233@hotmail.com,Retail,1000 Block of FOLSOM ST,5818539801
5214,366,Velma,Jasmine269@hotmail.com,Retail,1300 Block of MARKET ST,5684234865
8249,39,Christy,Kelly404@gmail.com,Retail,200 Block of RALSTON ST,8687515154
3172,978,Catherine,Alysha459@ymail.co.in,Internal Goods,100 Block of SANBUENAVENTURA WY,9719226221
5489,623,Lita,Rashawn68@hotmail.com,Retail,1400 Block of BROADWAY ST,4582180805
2037,751,Stephon,Rita822@google.co.in,Wholesale,1300 Block of FRANKLIN ST,1731496685
2401,899,Demetrius,Jaime171@hotmail.com,Wholesale,1000 Block of HYDE ST,2656568705
1303,396,Evan,Debora90@gmail.com,Internal Goods,2000 Block of MISSION ST,2383254556
6798,792,Rita,Jan949@yahoo.co.in,Internal Goods,800 Block of MOSCOW ST,3546706958
9917,808,Franklin,Van725@yahoo.com,Wholesale,NORTHPOINT ST / MASON ST,4148247171
2969,903,Dianne,Jalen271@gmail.com,Retail,900 Block of NATOMA ST,8158241511
8737,335,Mickey,Samual419@outlook.com,Retail,LINCOLN WY / 45TH AV,1345806313
2104,784,Amy,Holli358@ymail.com,Wholesale,UNION ST / LAGUNA ST,9076432313
1702,683,Eileen,Latasha554@ymail.com,Wholesale,500 Block of HOLLOWAY AV,6507962797
8933,536,Stanley,Alexia103@ymail.com,Retail,MARKET ST / 4TH ST,5130575428
3624,142,Douglas,Beth30@yahoo.co.in,Internal Goods,1100 Block of MASONIC AV,7652369372
4892,617,Jill,Valencia714@yahoo.co.in,Wholesale,14TH ST / VALENCIA ST,9062287896
